<?xml version ="1.0" encoding ="UTF-8"?>
<!DOCTYPE player SYSTEM "player.dtd" >
<player>
    <biography>
        <surname>Mané</surname>
        <name>Sadio</name>
        <height mesure="cm">175</height>
        <age>29</age>
        <birth day="10">1992</birth>
        <nationality>sénégalais</nationality>
        <strong_foot p.f="droit"/>
    </biography>
    <pro_experience>
        <team>
            <current_team year_="2016">Liverpool FC</current_team>
            <old_team _year_="2011-2012">FC Metz</old_team>
            <old_team _year_="2012-2014">RB Salzbour</old_team>
            <old_team _year_="2014-2016">FC Southampton</old_team>
        </team>
        <palmares nb_cup="8">Ligue des champions-Coupe du monde des clubs-Supercoupe de l'UEFA-Championnat d' Angleterre-Coupe de la ligue anglaise-Coupe d'Afrique des nations-Championnat d'Autriche-Coupe d'Autriche</palmares>
        <position>
            <current_team_position nb_="10">ailier gauche</current_team_position>
            <national_team_position _nb_="10">attaquant</national_team_position>
        </position>
    </pro_experience>
    <img src="C:\Users\fatim\OneDrive\Bureau\WEB\sadio mane.jpg" alt="Sadio Mané"/>
</player>
